{
  "model_info": {
    "model_path": "models/hybrid_vae_best.pt",
    "device": "cpu",
    "evaluation_time": 0.5671529769897461
  },
  "validation": {
    "mse": 1.574333564555149,
    "rmse": 1.2547244974715164,
    "mae": 0.9917050188601017,
    "r2": -0.3197328314765513,
    "n_samples": 10000,
    "prediction_mean": 3.4586293697357178,
    "prediction_std": 0.6044022440910339,
    "target_mean": 3.5619,
    "target_std": 1.092208034213263
  },
  "test": {
    "mse": 1.472461070483749,
    "rmse": 1.2134500692174148,
    "mae": 0.9585085223555565,
    "r2": -0.3374221085286735,
    "n_samples": 10000,
    "prediction_mean": 3.4802024364471436,
    "prediction_std": 0.5810911655426025,
    "target_mean": 3.5929,
    "target_std": 1.0492709802524798
  },
  "sample_recommendations": {
    "1": {
      "movie_ids": [
        16,
        54,
        24,
        57,
        38,
        60,
        39,
        10,
        85,
        65
      ],
      "predicted_ratings": [
        4.720890998840332,
        4.716066837310791,
        4.624786376953125,
        4.57639741897583,
        4.541358947753906,
        4.532225131988525,
        4.507983207702637,
        4.483466148376465,
        4.458062648773193,
        4.390534400939941
      ]
    },
    "2": {
      "movie_ids": [
        9,
        23,
        1,
        31,
        87,
        71,
        34,
        16,
        59,
        22
      ],
      "predicted_ratings": [
        4.636957168579102,
        4.622515678405762,
        4.5831217765808105,
        4.498767852783203,
        4.487373352050781,
        4.436836242675781,
        4.408572673797607,
        4.398055076599121,
        4.363465309143066,
        4.332816123962402
      ]
    },
    "3": {
      "movie_ids": [
        51,
        73,
        36,
        34,
        41,
        100,
        72,
        32,
        40,
        7
      ],
      "predicted_ratings": [
        4.708917140960693,
        4.646430015563965,
        4.603884220123291,
        4.602687358856201,
        4.572736740112305,
        4.570854187011719,
        4.561742305755615,
        4.503101825714111,
        4.477618217468262,
        4.469023704528809
      ]
    },
    "4": {
      "movie_ids": [
        54,
        16,
        65,
        55,
        24,
        60,
        63,
        23,
        9,
        59
      ],
      "predicted_ratings": [
        4.844246864318848,
        4.841518878936768,
        4.804876327514648,
        4.767993927001953,
        4.740517616271973,
        4.686851501464844,
        4.6627278327941895,
        4.653781414031982,
        4.640373229980469,
        4.630137920379639
      ]
    },
    "5": {
      "movie_ids": [
        34,
        60,
        37,
        59,
        10,
        65,
        62,
        54,
        16,
        18
      ],
      "predicted_ratings": [
        4.633332252502441,
        4.614510536193848,
        4.608344554901123,
        4.594498157501221,
        4.498059272766113,
        4.480541229248047,
        4.479833126068115,
        4.460693359375,
        4.447281360626221,
        4.435342788696289
      ]
    }
  }
}