{
  "n_users": 200948,
  "n_movies": 43884,
  "n_ratings": 31921467,
  "rating_stats": {
    "mean": 3.5419515963974963,
    "std": 1.058229251065978,
    "min": 0.5,
    "max": 5.0
  },
  "data_processed_at": "2025-08-09T14:38:38.147980"
}