{
  "n_users": 165946,
  "n_items": 34271,
  "n_interactions": 5112603,
  "sparsity": 0.9991010231564796,
  "avg_seq_length": 30.808835404288143,
  "timestamp_range": [
    789652004.0,
    1538551295.0
  ]
}